{
  "months_as_customer": {
    "min": 0.0,
    "max": 479.0,
    "mean": 204.00125,
    "std": 114.30895380322131
  },
  "age": {
    "min": 20.0,
    "max": 64.0,
    "mean": 39.01625,
    "std": 9.111243294988649
  },
  "policy_deductable": {
    "min": 500.0,
    "max": 2000.0,
    "mean": 1145.625,
    "std": 620.1504596594037
  },
  "policy_annual_premium": {
    "min": 433.33,
    "max": 2047.59,
    "mean": 1258.198925,
    "std": 241.7183547615492
  },
  "umbrella_limit": {
    "min": 0.0,
    "max": 10000000.0,
    "mean": 1080000.0,
    "std": 2256094.5133274742
  },
  "capital-gains": {
    "min": 0.0,
    "max": 100500.0,
    "mean": 24541.625,
    "std": 27683.00047870091
  },
  "capital-loss": {
    "min": -111100.0,
    "max": 0.0,
    "mean": -26499.875,
    "std": 27953.002977384953
  },
  "incident_hour_of_the_day": {
    "min": 0.0,
    "max": 23.0,
    "mean": 11.56875,
    "std": 6.9039738198831575
  },
  "number_of_vehicles_involved": {
    "min": 1.0,
    "max": 4.0,
    "mean": 1.8375,
    "std": 1.0197517428380678
  },
  "bodily_injuries": {
    "min": 0.0,
    "max": 2.0,
    "mean": 0.995,
    "std": 0.8281499202215463
  },
  "witnesses": {
    "min": 0.0,
    "max": 3.0,
    "mean": 1.49,
    "std": 1.1051817875260836
  },
  "total_claim_amount": {
    "min": 1920.0,
    "max": 114920.0,
    "mean": 52173.8,
    "std": 27072.205473446298
  },
  "injury_claim": {
    "min": 0.0,
    "max": 21450.0,
    "mean": 7373.5625,
    "std": 4947.459386044969
  },
  "property_claim": {
    "min": 0.0,
    "max": 23670.0,
    "mean": 7324.225,
    "std": 4890.629967214886
  },
  "vehicle_claim": {
    "min": 1440.0,
    "max": 79560.0,
    "mean": 37476.0125,
    "std": 19309.207955394613
  },
  "auto_year": {
    "min": 1995.0,
    "max": 2015.0,
    "mean": 2005.005,
    "std": 5.930973407202749
  },
  "policy_age_years": {
    "min": -0.05,
    "max": 25.11,
    "mean": 12.9842625,
    "std": 7.392502101131781
  },
  "incident_month": {
    "min": 1.0,
    "max": 3.0,
    "mean": 1.49125,
    "std": 0.5198665829615325
  },
  "incident_dayofweek": {
    "min": 0.0,
    "max": 6.0,
    "mean": 3.03,
    "std": 1.988477445985116
  },
  "claim_ratio": {
    "min": 1.4501066634012414,
    "max": 157.98814788075686,
    "mean": 43.14073044930214,
    "std": 25.03730228593633
  },
  "injury_share": {
    "min": 0.0,
    "max": 0.3,
    "mean": 0.1393501151626152,
    "std": 0.050145353890340395
  },
  "vehicle_share": {
    "min": 0.5555555555555556,
    "max": 1.0,
    "mean": 0.7217024676712177,
    "std": 0.060622942925633305
  },
  "is_high_deductable": {
    "min": 0.0,
    "max": 1.0,
    "mean": 0.31875,
    "std": 0.4662834039143549
  }
}